{"cameraMode":{"drawMode":0,"name":"Shaded","section":"Shading Mode"},"sceneLighting":false,"audioPlay":false,"sceneViewState":{"m_AlwaysRefresh":false,"showFog":true,"showSkybox":false,"showFlares":true,"showImageEffects":true,"showParticleSystems":true,"showVisualEffectGraphs":true,"m_FxEnabled":true},"in2DMode":false,"pivot":{"x":1.2212620973587037,"y":-0.7617837190628052,"z":-0.34886837005615237},"rotation":{"x":0.20466488599777223,"y":-0.30947214365005495,"z":0.06839188933372498,"w":0.9261023998260498},"size":9.195914268493653,"orthographic":true}