{"cameraMode":{"drawMode":0,"name":"Shaded","section":"Shading Mode"},"sceneLighting":true,"audioPlay":false,"sceneViewState":{"m_AlwaysRefresh":false,"showFog":true,"showSkybox":true,"showFlares":true,"showImageEffects":true,"showParticleSystems":true,"showVisualEffectGraphs":true,"m_FxEnabled":true},"in2DMode":false,"pivot":{"x":358.68780517578127,"y":98.08272552490235,"z":-38.023468017578128},"rotation":{"x":0.2381112426519394,"y":0.34202632308006289,"z":-0.09003406763076782,"w":0.9045501947402954},"size":301.4031066894531,"orthographic":true}